Term,Frequency
0.001 s,2271
the array,1755
static method,1652
this method,1499
the value,1472
an array,914
the object,844
the string,837
the current value,785
the system properties,771
a string,743
the index,568
the number,561
the class,503
the elements,498
the type,481
"null
returns",454
your browser,421
class org.apache.commons.lang3.builder,421
type parameters,401
the element,395
the given array,388
a new array,378
an exception,367
a new instance,364
gary gregory,362
a throwable,335
the builder,325
class org.apache.commons.lang3.text,321
the tostring,311
this instance,303
the field,293
this class,290
the character,290
the result,276
the given value,275
class java.lang,275
{@code null,272
a null input array,271
the specified array,264
the system property name,261
the charsequence,259
the property,253
class org.apache.commons.lang3.time,250
the apache software foundation,247
the end,247
the order,244
the new array,243
the specified element,230
the input array,222
the given index,220
the default,204
the position,204
the date,200
class org.apache.commons.lang3.systemproperties,197
the last index,195
a securityexception,195
a date,192
the method,190
the string builder,187
apache commons lang 3.17.0 api,181
the start,180
"the input
 array",180
public static,178
an int,176
the nop singleton,175
the instance,174
"overview
package
class
use
tree
deprecated
index
help




prev class
next class


frames
no frames


all classes






summary",172
null array,170
class org.apache.commons.lang3.arrayutils,168
"| 
field",167
a boolean,166
interface org.apache.commons.lang3.function,166
the existing elements,162
an object,161
a value,159
class org.apache.commons.lang3.concurrent,156
0.002 s,155
null string,154
the given element,151
method summary,151
the length,147
the exception,147
0.003 s,147
the input,147
the list,145
a set,141
the field name,138
an empty array,136
a number,135
class org.apache.commons.lang3.math,135
the provided array,134
the message,133
this instance's value,132
all rights,132
the license,132
class org.apache.commons.lang3.systemutils,131
bit ordering,131
a functional interface,130
the same elements,129
